{
  "controller/View1.controller.js": 1718104486000,
  "Component.js": 1718104486000,
  "i18n/i18n.properties": 1718104562000,
  "controller/App.controller.js": 1718104486000,
  "manifest.json": 1722587371735,
  "model/models.js": 1718104486000,
  "controller/App-dbg.controller.js": 1718104486000,
  "controller/App.controller.js.map": 1722587372028,
  "controller/View1-dbg.controller.js": 1718104486000,
  "controller/View1.controller.js.map": 1722587372024,
  "Component-dbg.js": 1718104486000,
  "Component.js.map": 1722587372033,
  "model/models-dbg.js": 1718104486000,
  "model/models.js.map": 1722587372032,
  "Component-preload.js": 1722587372217,
  "Component-preload.js.map": 1722587372217,
  "view/View1.view.xml": 1718104486000,
  "view/App.view.xml": 1718104486000,
  "css/style.css": 1718104486000,
  "index.html": 1718104486000
}