{
  "controller/View1.controller.js": 1719561235000,
  "i18n/i18n.properties": 1718114828000,
  "model/models.js": 1718859906000,
  "controller/App.controller.js": 1718103220000,
  "manifest.json": 1722587368706,
  "Component.js": 1718595871000,
  "controller/View1-dbg.controller.js": 1719561235000,
  "controller/View1.controller.js.map": 1722587369004,
  "model/models-dbg.js": 1718859906000,
  "model/models.js.map": 1722587368993,
  "controller/App-dbg.controller.js": 1718103220000,
  "controller/App.controller.js.map": 1722587368993,
  "Component-dbg.js": 1718595871000,
  "Component.js.map": 1722587368940,
  "Component-preload.js": 1722587369102,
  "Component-preload.js.map": 1722587369102,
  "view/View1.view.xml": 1719563367000,
  "view/App.view.xml": 1718103220000,
  "css/style.css": 1718103220000,
  "index.html": 1718103220000
}