{
  "controller/App-dbg.controller.js": 1718341030000,
  "controller/App.controller.js": 1718341030000,
  "model/formatter.js": 1722236941000,
  "controller/View3.controller.js": 1718366512000,
  "controller/View2.controller.js": 1722587353770,
  "controller/View1.controller.js": 1722501013799,
  "controller/Master.controller.js": 1722579576884,
  "model/models.js": 1722573389880,
  "manifest.json": 1722587365149,
  "Component.js": 1718116320000,
  "i18n/i18n.properties": 1719403868000,
  "controller/App.controller.js.map": 1722587365423,
  "model/formatter-dbg.js": 1722236941000,
  "model/formatter.js.map": 1722587365425,
  "controller/View3-dbg.controller.js": 1718366512000,
  "controller/View3.controller.js.map": 1722587365423,
  "controller/View2-dbg.controller.js": 1722587353770,
  "controller/View2.controller.js.map": 1722587365695,
  "controller/View1-dbg.controller.js": 1722501013799,
  "controller/View1.controller.js.map": 1722587365621,
  "controller/Master-dbg.controller.js": 1722579576884,
  "controller/Master.controller.js.map": 1722587365512,
  "model/models-dbg.js": 1722573389880,
  "model/models.js.map": 1722587365491,
  "Component-dbg.js": 1718116320000,
  "Component.js.map": 1722587365496,
  "Component-preload.js": 1722587365921,
  "Component-preload.js.map": 1722587365921,
  "view/Fragment/STORE.fragment.xml": 1721979694000,
  "view/Fragment/SALES_MARKETING.fragment.xml": 1721979694000,
  "view/Fragment/QUALITY.fragment.xml": 1721979694000,
  "view/Fragment/PRODUCTION.fragment.xml": 1721979694000,
  "view/Fragment/PROCUREMENT.fragment.xml": 1721979694000,
  "view/Fragment/FINANCE.fragment.xml": 1722236393000,
  "view/View3.view.xml": 1721979665000,
  "view/View2.view.xml": 1722586330027,
  "view/View1.view.xml": 1721979665000,
  "view/Master.view.xml": 1721979665000,
  "view/App.view.xml": 1721979665000,
  "css/style.css": 1720070948000,
  "index.html": 1720091967000
}